"Prompt","Seed"
"Elon Musk is adjusting a microphone on a stand in a podcast studio with headphones on.","8149041"
"Elon Musk is clapping hands gently in a dark server room with glowing blue lights.","8501590"
"Elon Musk is adjusting the collar of a jacket driving a Tesla convertible with the top down.","5606274"
"Elon Musk is pacing back and forth anxiously at a rooftop bar in Silicon Valley.","7095349"
"Elon Musk is leaning against a wall inside a modern cleanroom laboratory.","8351320"
"Elon Musk is yawning while covering their mouth at a Tesla Gigafactory with robotic arms.","4959345"
"Elon Musk is putting on a warm winter coat at a rooftop bar in Silicon Valley.","1543335"
"Elon Musk is shaking hands with an invisible partner in a dark server room with glowing blue lights.","7241348"
"Elon Musk is pacing back and forth anxiously inside a modern cleanroom laboratory.","9882862"
"Elon Musk is cleaning a pair of sunglasses next to a sleek silver Cybertruck.","5675638"
"Elon Musk is laughing heartily with a close friend inside a high-tech SpaceX hangar.","4121368"
"Elon Musk is whispering into someone's ear at a rooftop bar in Silicon Valley.","2975701"
"Elon Musk is holding a black umbrella in the breeze in a podcast studio with headphones on.","4599894"
"Elon Musk is throwing a coin into a fountain sitting in the cockpit of a Crew Dragon capsule.","3057514"
"Elon Musk is pacing back and forth anxiously in a podcast studio with headphones on.","3896693"
"Elon Musk is shrugging their shoulders next to a sleek silver Cybertruck.","6828829"
"Elon Musk is checking their reflection in a mirror looking at a holographic display.","5871470"
"Elon Musk is nodding their head in agreement overlooking a Martian colony prototype.","7064832"
"Elon Musk is frowning while looking at a screen sitting in the cockpit of a Crew Dragon capsule.","3329967"
"Elon Musk is reaching out to touch a flower inside a high-tech SpaceX hangar.","7054838"
"Elon Musk is running fingers through their hair looking at a holographic display.","3177199"
"Elon Musk is kneeling down to inspect something standing on a stage at a global tech conference.","7680015"
"Elon Musk is posing for a formal photograph driving a Tesla convertible with the top down.","7869154"
"Elon Musk is yawning while covering their mouth next to a sleek silver Cybertruck.","2244282"
"Elon Musk is running fingers through their hair holding a flamethrower in a desert.","6779998"
"Elon Musk is checking their reflection in a mirror overlooking a Martian colony prototype.","3164813"
"Elon Musk is stepping out of a luxury car standing next to a Starship rocket booster.","3083077"
"Elon Musk is holding a tablet and scrolling overlooking a Martian colony prototype.","3717354"
"Elon Musk is drinking water from a transparent glass in a dark server room with glowing blue lights.","9705660"
"Elon Musk is rubbing their chin in deep thought in a minimalist tech office in Texas.","4293399"
"Elon Musk is yawning while covering their mouth standing on a stage at a global tech conference.","9950276"
"Elon Musk is stepping out of a luxury car overlooking a Martian colony prototype.","3586950"
"Elon Musk is shielding their eyes from the sun next to a sleek silver Cybertruck.","1691125"
"Elon Musk is rubbing their chin in deep thought standing next to a Starship rocket booster.","5440189"
"Elon Musk is holding a microphone and speaking driving a Tesla convertible with the top down.","1508113"
"Elon Musk is checking their pulse on their wrist looking at a holographic display.","5859883"
"Elon Musk is drawing a circle on a whiteboard watching a rocket launch from control center.","7813102"
"Elon Musk is gesturing with open palms during a speech at a Tesla Gigafactory with robotic arms.","2005173"
"Elon Musk is clapping hands gently driving a Tesla convertible with the top down.","9124385"
"Elon Musk is looking tired and rubbing their eyes next to a sleek silver Cybertruck.","3410360"
"Elon Musk is lighting a candle with a match in a dark server room with glowing blue lights.","7689354"
"Elon Musk is holding a passport and boarding pass holding a flamethrower in a desert.","2781470"
"Elon Musk is talking seriously on a mobile phone in a podcast studio with headphones on.","3055576"
"Elon Musk is shaking hands with an invisible partner watching a rocket launch from control center.","3363534"
"Elon Musk is placing hands on their hips standing on a stage at a global tech conference.","7444964"
"Elon Musk is reading a thick printed document overlooking a Martian colony prototype.","6493461"
"Elon Musk is adjusting their glasses with a serious look overlooking a Martian colony prototype.","9359508"
"Elon Musk is reaching out to touch a flower standing on a stage at a global tech conference.","9344488"
"Elon Musk is shrugging their shoulders at a rooftop bar in Silicon Valley.","9479950"
"Elon Musk is talking seriously on a mobile phone sitting in the cockpit of a Crew Dragon capsule.","6920597"
"Elon Musk is holding a colorful bouquet of flowers looking at a holographic display.","1137194"
"Elon Musk is pointing at a landmark in the distance inside a modern cleanroom laboratory.","5437118"
"Elon Musk is holding a glass of red wine in a dark server room with glowing blue lights.","1759041"
"Elon Musk is placing hands on their hips looking at a holographic display.","4265774"
"Elon Musk is checking their reflection in a mirror standing on a stage at a global tech conference.","2233658"
"Elon Musk is stepping out of a luxury car in a podcast studio with headphones on.","5692934"
"Elon Musk is yawning while covering their mouth on a futuristic Starbase launch site.","7608607"
"Elon Musk is tying their shoelaces looking at a holographic display.","7133857"
"Elon Musk is closing their eyes to enjoy the breeze holding a flamethrower in a desert.","7734157"
"Elon Musk is crossing their arms confidently standing next to a Starship rocket booster.","3299088"
"Elon Musk is wiping dust off a table holding a flamethrower in a desert.","8666995"
"Elon Musk is shaking a bottle of champagne holding a flamethrower in a desert.","3345135"
"Elon Musk is brushing a speck of dust off their shoulder next to a sleek silver Cybertruck.","3726331"
"Elon Musk is brushing a speck of dust off their shoulder standing on a stage at a global tech conference.","6643410"
"Elon Musk is eating a slice of green apple standing on a stage at a global tech conference.","8967375"
"Elon Musk is holding a passport and boarding pass next to a sleek silver Cybertruck.","2838859"
"Elon Musk is signing an autograph on a piece of paper standing on a stage at a global tech conference.","1447065"
"Elon Musk is holding a black umbrella in the breeze watching a rocket launch from control center.","1861596"
"Elon Musk is shaking their head in disapproval holding a flamethrower in a desert.","7378535"
"Elon Musk is reading a thick printed document standing next to a Starship rocket booster.","2843740"
"Elon Musk is turning around to face the light in a podcast studio with headphones on.","6262886"
"Elon Musk is looking surprised with wide eyes driving a Tesla convertible with the top down.","4420734"
"Elon Musk is stepping out of a luxury car walking through a tunnel with neon lights.","2044906"
"Elon Musk is whispering into someone's ear sitting in the cockpit of a Crew Dragon capsule.","6453426"
"Elon Musk is posing for a formal photograph at a rooftop bar in Silicon Valley.","6263895"
"Elon Musk is gesturing with open palms during a speech looking at a holographic display.","6743294"
"Elon Musk is looking at their fingernails in a minimalist tech office in Texas.","9123194"
"Elon Musk is reading a thick printed document in a minimalist tech office in Texas.","6007984"
"Elon Musk is holding a tablet and scrolling standing on a stage at a global tech conference.","4477544"
"Elon Musk is lighting a candle with a match walking through a tunnel with neon lights.","6851946"
"Elon Musk is holding a colorful bouquet of flowers on a futuristic Starbase launch site.","7370211"
"Elon Musk is buttoning up a suit jacket inside a modern cleanroom laboratory.","5872986"
"Elon Musk is holding a colorful bouquet of flowers at a Tesla Gigafactory with robotic arms.","6811015"
"Elon Musk is tapping their foot impatiently in a minimalist tech office in Texas.","9037616"
"Elon Musk is closing their eyes to enjoy the breeze looking at a holographic display.","5548852"
"Elon Musk is smiling gently at the camera on a futuristic Starbase launch site.","5014486"
"Elon Musk is placing hands on their hips holding a flamethrower in a desert.","4786141"
"Elon Musk is placing hands on their hips on a futuristic Starbase launch site.","7934046"
"Elon Musk is wiping dust off a table on a futuristic Starbase launch site.","3306314"
"Elon Musk is drawing a circle on a whiteboard sitting in the cockpit of a Crew Dragon capsule.","5819172"
"Elon Musk is holding a colorful bouquet of flowers standing next to a Starship rocket booster.","2500901"
"Elon Musk is giving a thumbs up to the crowd standing next to a Starship rocket booster.","3937099"
"Elon Musk is biting their lip nervously standing next to a Starship rocket booster.","7660463"
"Elon Musk is wiping sweat from their forehead standing on a stage at a global tech conference.","1628578"
"Elon Musk is holding a tablet and scrolling on a futuristic Starbase launch site.","6621073"
"Elon Musk is smiling gently at the camera holding a flamethrower in a desert.","8852085"
"Elon Musk is adjusting their glasses with a serious look on a futuristic Starbase launch site.","6547958"
"Elon Musk is gesturing with open palms during a speech in a minimalist tech office in Texas.","4123902"
"Elon Musk is tying their shoelaces standing on a stage at a global tech conference.","4240708"
"Elon Musk is brushing a speck of dust off their shoulder at a rooftop bar in Silicon Valley.","8175669"
"Elon Musk is smiling gently at the camera walking through a tunnel with neon lights.","6429135"
"Elon Musk is walking slowly and thoughtfully in a minimalist tech office in Texas.","7435310"
"Elon Musk is shaking hands with an invisible partner in a minimalist tech office in Texas.","6530194"
"Elon Musk is signing an autograph on a piece of paper inside a high-tech SpaceX hangar.","5388133"
"Elon Musk is talking seriously on a mobile phone standing next to a Starship rocket booster.","2983483"
"Elon Musk is adjusting a microphone on a stand overlooking a Martian colony prototype.","7801762"
"Elon Musk is frowning while looking at a screen standing on a stage at a global tech conference.","7166363"
"Elon Musk is drinking water from a transparent glass inside a modern cleanroom laboratory.","9022561"
"Elon Musk is gesturing with open palms during a speech in a dark server room with glowing blue lights.","7976731"
"Elon Musk is giving a thumbs up to the crowd sitting in the cockpit of a Crew Dragon capsule.","5151780"
"Elon Musk is posing for a formal photograph in a podcast studio with headphones on.","9861274"
"Elon Musk is pacing back and forth anxiously on a futuristic Starbase launch site.","2036128"
"Elon Musk is holding a microphone and speaking looking at a holographic display.","3514105"
"Elon Musk is opening a large paper map holding a flamethrower in a desert.","8412854"
"Elon Musk is looking tired and rubbing their eyes walking through a tunnel with neon lights.","2525747"
"Elon Musk is stretching their arms upwards in a podcast studio with headphones on.","3213658"
"Elon Musk is gesturing with open palms during a speech standing next to a Starship rocket booster.","8757420"
"Elon Musk is turning around to face the light at a rooftop bar in Silicon Valley.","5269083"
"Elon Musk is gazing strictly into the distance at a Tesla Gigafactory with robotic arms.","1759836"
"Elon Musk is buttoning up a suit jacket at a Tesla Gigafactory with robotic arms.","2010921"
"Elon Musk is wiping dust off a table standing next to a Starship rocket booster.","5816582"
"Elon Musk is wiping sweat from their forehead inside a modern cleanroom laboratory.","8052503"
"Elon Musk is carrying a heavy leather briefcase in a podcast studio with headphones on.","7333337"
"Elon Musk is rubbing their chin in deep thought looking at a holographic display.","3231198"
"Elon Musk is frowning while looking at a screen overlooking a Martian colony prototype.","7594429"
"Elon Musk is drinking water from a transparent glass inside a high-tech SpaceX hangar.","1381435"
"Elon Musk is checking a silver wristwatch watching a rocket launch from control center.","8728009"
"Elon Musk is looking surprised with wide eyes in a minimalist tech office in Texas.","4162177"
"Elon Musk is sitting comfortably on a wooden chair driving a Tesla convertible with the top down.","1262492"
"Elon Musk is looking tired and rubbing their eyes at a Tesla Gigafactory with robotic arms.","2692765"
"Elon Musk is shaking hands with an invisible partner standing next to a Starship rocket booster.","5105957"
"Elon Musk is holding a glass of red wine in a podcast studio with headphones on.","4931560"
"Elon Musk is stretching their arms upwards inside a modern cleanroom laboratory.","9453969"
"Elon Musk is checking a silver wristwatch next to a sleek silver Cybertruck.","6379867"
"Elon Musk is holding a tablet and scrolling inside a modern cleanroom laboratory.","9745141"
"Elon Musk is climbing a short flight of stairs standing on a stage at a global tech conference.","5616316"
"Elon Musk is admiring a painting on the wall overlooking a Martian colony prototype.","8167236"
"Elon Musk is placing hands on their hips in a dark server room with glowing blue lights.","7394713"
"Elon Musk is jogging in place energetically driving a Tesla convertible with the top down.","3503456"
"Elon Musk is carrying a heavy leather briefcase overlooking a Martian colony prototype.","8944327"
"Elon Musk is drinking water from a transparent glass standing on a stage at a global tech conference.","3421820"
"Elon Musk is stretching their arms upwards looking at a holographic display.","7923579"
"Elon Musk is admiring a painting on the wall holding a flamethrower in a desert.","3249703"
"Elon Musk is looking at their fingernails at a Tesla Gigafactory with robotic arms.","8546170"
"Elon Musk is shrugging their shoulders looking at a holographic display.","4195751"
"Elon Musk is typing quickly on a slim laptop at a rooftop bar in Silicon Valley.","1663497"
"Elon Musk is adjusting their glasses with a serious look looking at a holographic display.","4640933"
"Elon Musk is gazing strictly into the distance sitting in the cockpit of a Crew Dragon capsule.","2968239"
"Elon Musk is reading a thick printed document sitting in the cockpit of a Crew Dragon capsule.","7654381"
"Elon Musk is checking their reflection in a mirror next to a sleek silver Cybertruck.","5748945"
"Elon Musk is holding a black umbrella in the breeze in a dark server room with glowing blue lights.","9603633"
"Elon Musk is running fingers through their hair on a futuristic Starbase launch site.","8876742"
"Elon Musk is looking tired and rubbing their eyes in a dark server room with glowing blue lights.","6249960"
"Elon Musk is crossing their arms confidently watching a rocket launch from control center.","3448176"
"Elon Musk is holding a black umbrella in the breeze looking at a holographic display.","8005797"
"Elon Musk is looking surprised with wide eyes sitting in the cockpit of a Crew Dragon capsule.","6534221"
"Elon Musk is carrying a heavy leather briefcase watching a rocket launch from control center.","9376888"
"Elon Musk is writing notes with a luxury pen walking through a tunnel with neon lights.","9230828"
"Elon Musk is shaking their head in disapproval in a dark server room with glowing blue lights.","3839807"
"Elon Musk is saluting respectfully walking through a tunnel with neon lights.","4087809"
"Elon Musk is posing for a formal photograph standing next to a Starship rocket booster.","2247057"
"Elon Musk is walking slowly and thoughtfully driving a Tesla convertible with the top down.","3306725"
"Elon Musk is kneeling down to inspect something inside a modern cleanroom laboratory.","1153368"
"Elon Musk is tucking hair behind their ear walking through a tunnel with neon lights.","9184838"
"Elon Musk is walking slowly and thoughtfully looking at a holographic display.","7901115"
"Elon Musk is turning around to face the light holding a flamethrower in a desert.","5609384"
"Elon Musk is resting their head on their hand on a futuristic Starbase launch site.","9797727"
"Elon Musk is adjusting the collar of a jacket in a minimalist tech office in Texas.","7658817"
"Elon Musk is holding a passport and boarding pass at a rooftop bar in Silicon Valley.","8700704"
"Elon Musk is checking their reflection in a mirror walking through a tunnel with neon lights.","1941452"
"Elon Musk is shaking their head in disapproval at a Tesla Gigafactory with robotic arms.","9386232"
"Elon Musk is looking at their fingernails next to a sleek silver Cybertruck.","2599906"
"Elon Musk is checking a silver wristwatch sitting in the cockpit of a Crew Dragon capsule.","8977571"
"Elon Musk is crossing their arms confidently at a Tesla Gigafactory with robotic arms.","5703878"
"Elon Musk is biting their lip nervously next to a sleek silver Cybertruck.","1262699"
"Elon Musk is cutting a ribbon with scissors inside a modern cleanroom laboratory.","7682298"
"Elon Musk is saluting respectfully next to a sleek silver Cybertruck.","7439870"
"Elon Musk is rubbing their chin in deep thought holding a flamethrower in a desert.","6802559"
"Elon Musk is leaning forward to listen closely driving a Tesla convertible with the top down.","4894730"
"Elon Musk is tying their shoelaces at a rooftop bar in Silicon Valley.","6475691"
"Elon Musk is straightening their tie in a minimalist tech office in Texas.","8558977"
"Elon Musk is checking a silver wristwatch in a dark server room with glowing blue lights.","7298619"
"Elon Musk is wiping sweat from their forehead at a rooftop bar in Silicon Valley.","2437708"
"Elon Musk is reading a thick printed document at a Tesla Gigafactory with robotic arms.","2376369"
"Elon Musk is looking surprised with wide eyes at a rooftop bar in Silicon Valley.","3588336"
"Elon Musk is walking slowly and thoughtfully standing on a stage at a global tech conference.","8461429"
"Elon Musk is typing quickly on a slim laptop on a futuristic Starbase launch site.","3223098"
"Elon Musk is wiping sweat from their forehead driving a Tesla convertible with the top down.","8530347"
"Elon Musk is resting their head on their hand inside a high-tech SpaceX hangar.","2503554"
"Elon Musk is checking their reflection in a mirror at a Tesla Gigafactory with robotic arms.","6443037"
"Elon Musk is standing still and meditating standing on a stage at a global tech conference.","7942580"
"Elon Musk is holding a tablet and scrolling in a minimalist tech office in Texas.","9273246"
"Elon Musk is kneeling down to inspect something overlooking a Martian colony prototype.","8292657"
"Elon Musk is jogging in place energetically standing on a stage at a global tech conference.","9124053"
"Elon Musk is putting on a warm winter coat in a minimalist tech office in Texas.","5137094"
"Elon Musk is holding a trophy high in the air sitting in the cockpit of a Crew Dragon capsule.","8681643"
"Elon Musk is smiling gently at the camera standing on a stage at a global tech conference.","1113537"
"Elon Musk is holding a cup of hot coffee with both hands at a rooftop bar in Silicon Valley.","6528792"
"Elon Musk is holding a cup of hot coffee with both hands driving a Tesla convertible with the top down.","3283789"
"Elon Musk is opening a large paper map sitting in the cockpit of a Crew Dragon capsule.","9036449"
