Identity,Variant,Prompt,Seed
trump,briefing_room,"A short continuous video shows Donald Trump at a White House briefing podium with his face clearly visible. He lifts a cup of coffee and turns slightly toward the reporters as the camera makes a slow sideways move.",9312590
obama,climate_stage,"A short continuous video shows Barack Obama speaking at a climate summit with his face clearly visible. He straightens his tie and makes one measured hand gesture while the camera gently moves closer.",5067204
musk,podcast_microphone,"A short continuous video shows Elon Musk in a modern podcast studio with his face clearly visible. He adjusts the microphone and leans forward to speak while the camera slowly arcs around the desk.",8149041
merkel,eu_briefing,"A short continuous video shows Angela Merkel at a European summit with her face clearly visible. She adjusts her glasses and turns a briefing page while the camera slides along the conference table.",3535551
elizabeth,televised_address,"A short continuous photorealistic medium close-up video shows Queen Elizabeth II seated alone at a desk in a formal Buckingham Palace room during a televised address. Her face stays large, frontal, unobstructed, and sharply focused as she looks into the camera, glances briefly at one page, and looks back while the camera makes a very slow push-in.",5205840
swift,concert_closeup,"A short continuous photorealistic medium close-up video shows Taylor Swift wearing a sparkling sequined performance outfit on a brightly lit concert stage. Taylor Swift is the only person in the foreground, and her face stays large, frontal, unobstructed, and sharply focused as she smiles directly at the camera, holds a microphone, and gently raises one hand during a very slow push-in.",5108603
obama,sunlit_walk,"A short continuous video shows Barack Obama walking through a sunlit corridor with his face clearly visible. He gives a brief thumbs-up and turns toward a colleague while the camera tracks backward.",8017921
musk,space_hangar,"A short continuous video shows Elon Musk inside a high-tech spacecraft hangar with his face clearly visible. He points toward a control panel and turns back toward the camera as it slides laterally.",4121368
merkel,berlin_cafe,"A short continuous video shows Angela Merkel seated at a quiet Berlin cafe with her face clearly visible. She folds a newspaper and looks thoughtfully across the table while the camera slowly pushes in.",7945543
